Reddit;1;homepage;2023;;;word_measures;2000;2000;4.2295;0.4265;2.298674147501588;1.215095030292869;10.965784284662087;8.600953567125627;10.683763708597272
Reddit;2;homepage;2023;;;word_measures;2000;2000;4.2715;0.4535;2.396177311167121;1.2106958705931903;10.965784284662087;8.728457307300182;10.77596870179033
Reddit;3;homepage;2023;;;word_measures;2000;2000;4.2;0.3825;2.217774030640721;1.2239646171778442;10.965784284662087;8.351585323963175;10.683912134821107
Reddit;4;homepage;2023;;;word_measures;2000;2000;4.174;0.3825;2.1920238288491967;1.2232760553807018;10.965784284662087;8.376245039068767;10.664718327039656
Reddit;5;homepage;2023;;;word_measures;2000;2000;4.3415;0.4805;2.457758714929223;1.2060632161051037;10.965784284662087;8.865933974359951;10.795054555346583
Reddit;6;homepage;2023;;;word_measures;2000;2000;4.234;0.4405;2.3638813515752557;1.2139306374639272;10.965784284662087;8.638911573498607;10.747413903609928
Reddit;7;homepage;2023;;;word_measures;2000;2000;4.146;0.3645;2.149755779728293;1.2246060245484114;10.965784284662087;8.31845087497034;10.63719599464239
Reddit;8;homepage;2023;;;word_measures;2000;2000;4.542;0.5005;2.5053680745512246;1.2035711314529183;10.965784284662087;8.943525720944395;10.786278745854439
Reddit;9;homepage;2023;;;word_measures;2000;2000;4.244;0.4515;2.397425295934082;1.2131169556826353;10.965784284662087;8.662809675083741;10.711383492129777
Reddit;10;homepage;2023;;;word_measures;2000;2000;4.2995;0.456;2.364895573630929;1.2090819031745195;10.965784284662087;8.77064918177074;10.74852177529554
Reddit;11;homepage;2023;;;word_measures;2000;2000;4.254;0.385;2.159279902204872;1.2189115916937587;10.965784284662087;8.474521493127494;10.682484758334969
Reddit;12;homepage;2023;;;word_measures;2000;2000;4.458;0.4655;2.407892239019275;1.209302537664771;10.965784284662087;8.77429610083987;10.766039556515368
Reddit;13;homepage;2023;;;word_measures;2000;2000;4.2875;0.4505;2.3693868988007303;1.2110232723504304;10.965784284662087;8.715560905089916;10.790980163043894
Reddit;14;homepage;2023;;;word_measures;2000;2000;3.9985;0.3645;2.1454053819924592;1.2231459788233043;10.965784284662087;8.345300732901137;10.68767055990092
Reddit;15;homepage;2023;;;word_measures;2000;2000;4.3275;0.3925;2.2333374027162787;1.2221939148753882;10.965784284662087;8.397505706493241;10.604114188004239
Reddit;16;homepage;2023;;;word_measures;2000;2000;4.4005;0.442;2.3455053251236677;1.2126644339412453;10.965784284662087;8.675788990599436;10.72267993809775
Reddit;17;homepage;2023;;;word_measures;2000;2000;4.245;0.441;2.3310807592421776;1.2105596318095924;10.965784284662087;8.716038412103282;10.748858664508399
Reddit;18;homepage;2023;;;word_measures;2000;2000;4.1945;0.436;2.3513081327825787;1.2134576196223499;10.965784284662087;8.63640529772252;10.684958281239965
Reddit;19;homepage;2023;;;word_measures;2000;2000;4.3465;0.451;2.356239923164248;1.210804915204644;10.965784284662087;8.724649561704476;10.767449995654788
Reddit;20;homepage;2023;;;word_measures;2000;2000;4.2615;0.4885;2.4768215616792437;1.203795918747783;10.965784284662087;8.918643586768768;10.807652652027867
Reddit;21;homepage;2023;;;word_measures;2000;2000;4.3545;0.462;2.4283825788646936;1.211296419724822;10.965784284662087;8.721012728660538;10.783778349046942
Reddit;22;homepage;2023;;;word_measures;2000;2000;4.496;0.4915;2.441972564980387;1.2023301126807926;10.965784284662087;8.972272214700327;10.778694578547423
Reddit;23;homepage;2023;;;word_measures;2000;2000;4.29;0.435;2.2928595512360332;1.2099510449916124;10.965784284662087;8.731080244208929;10.729368439512724
Reddit;24;homepage;2023;;;word_measures;2000;2000;4.1975;0.407;2.260559438839555;1.218516807332635;10.965784284662087;8.50002023705132;10.70924101781846
Reddit;25;homepage;2023;;;word_measures;2000;2000;4.1595;0.4315;2.352408492043615;1.217127627208829;10.965784284662087;8.554201234613425;10.65804934687958
Reddit;26;homepage;2023;;;word_measures;2000;2000;4.139;0.372;2.1524400990456347;1.2216089052706958;10.965784284662087;8.38678706162754;10.659839114499748
Reddit;27;homepage;2023;;;word_measures;2000;2000;4.1505;0.443;2.3416757694631816;1.2117682319134473;10.965784284662087;8.691333063865633;10.7333118725435
Reddit;28;homepage;2023;;;word_measures;2000;2000;4.2735;0.4085;2.262207700386644;1.2159107214957476;10.965784284662087;8.553707048383172;10.669103859545826
Reddit;29;homepage;2023;;;word_measures;2000;2000;4.5655;0.446;2.300479143932462;1.208508012369275;10.965784284662087;8.787233881765323;10.74708285501625
Reddit;30;homepage;2023;;;word_measures;2000;2000;4.3025;0.4585;2.3519286421686414;1.2068320208042858;10.965784284662087;8.834318284327539;10.806947697260759
Reddit;31;homepage;2023;;;word_measures;2000;2000;4.4805;0.4755;2.411227209046483;1.2064222327619791;10.965784284662087;8.860891127540235;10.76539152709903
Reddit;32;homepage;2023;;;word_measures;2000;2000;4.2165;0.4415;2.3326388647407295;1.210703774318099;10.965784284662087;8.716094172639762;10.752889758310204
Reddit;33;homepage;2023;;;word_measures;2000;2000;4.4115;0.468;2.384488907679916;1.2073209800571203;10.965784284662087;8.82843486481866;10.725554059608474
Reddit;34;homepage;2023;;;word_measures;2000;2000;4.418;0.4285;2.2333280254155397;1.2105546752363443;10.965784284662087;8.720681906620877;10.58536180527857
Reddit;35;homepage;2023;;;word_measures;2000;2000;4.342;0.479;2.4203219851106406;1.2045787893980742;10.965784284662087;8.908623464224037;10.753970073771661
Reddit;36;homepage;2023;;;word_measures;2000;2000;4.456;0.47;2.384888112768531;1.206823313310742;10.965784284662087;8.846481864224625;10.75293831906393
Reddit;37;homepage;2023;;;word_measures;2000;2000;4.242;0.4465;2.3423806745558977;1.2097349651902913;10.965784284662087;8.747526618019299;10.772939691045258
Reddit;38;homepage;2023;;;word_measures;2000;2000;4.6095;0.4525;2.414832379296422;1.214267416521907;10.965784284662087;8.644919652732229;10.689215544651043
Reddit;39;homepage;2023;;;word_measures;2000;2000;4.311;0.4155;2.299766469076277;1.217342903241515;10.965784284662087;8.537842919511634;10.55686761249649
Reddit;40;homepage;2023;;;word_measures;2000;2000;4.2985;0.437;2.2872670630365612;1.2113938096910715;10.965784284662087;8.704861249524097;10.73158378142895
Reddit;41;homepage;2023;;;word_measures;2000;2000;4.282;0.437;2.3408643650263543;1.2134578875452282;10.965784284662087;8.64406321284433;10.750040928496698
Reddit;42;homepage;2023;;;word_measures;2000;2000;4.1;0.3905;2.2180691476911307;1.2204652764648198;10.965784284662087;8.444507665806254;10.674974983330644
Reddit;43;homepage;2023;;;word_measures;2000;2000;4.366;0.4655;2.371052173450589;1.2056837033480405;10.965784284662087;8.86760556028667;10.793947697260759
Reddit;44;homepage;2023;;;word_measures;2000;2000;4.3115;0.4395;2.340069973692298;1.2125360988825562;10.965784284662087;8.677250879361445;10.714426736844825
Reddit;45;homepage;2023;;;word_measures;2000;2000;4.415;0.508;2.560790199264884;1.203806099817157;10.965784284662087;8.938685250399839;10.832643273831033
Reddit;46;homepage;2023;;;word_measures;2000;2000;4.399;0.4615;2.403123613670469;1.2092146589607;10.965784284662087;8.770669163249186;10.770707494321904
Reddit;47;homepage;2023;;;word_measures;2000;2000;4.372;0.4525;2.333729846701026;1.2081476560980082;10.965784284662087;8.796638545236323;10.771022089563449
Reddit;48;homepage;2023;;;word_measures;2000;2000;4.426;0.492;2.4932666679471733;1.2060754065960648;10.965784284662087;8.873512491349043;10.792989623780313
Reddit;49;homepage;2023;;;word_measures;2000;2000;4.372;0.461;2.388457113429904;1.2092809698730707;10.965784284662087;8.767185179725642;10.720901963009283
Reddit;50;homepage;2023;;;word_measures;2000;2000;4.5755;0.4545;2.350353255644441;1.2095597436279057;10.965784284662087;8.767979069146078;10.69491111156175
Reddit;51;homepage;2023;;;word_measures;2000;2000;4.4875;0.4255;2.2983175421506172;1.2148362167924645;10.965784284662087;8.610850512434794;10.63371377586222
Reddit;52;homepage;2023;;;word_measures;2000;2000;4.5275;0.5305;2.5719219929724937;1.1986258109658958;10.965784284662087;9.09530535438492;10.813299667844417
Reddit;53;homepage;2023;;;word_measures;2000;2000;4.426;0.5135;2.557567622885108;1.202847337797284;10.965784284662087;8.972317542432231;10.798499398784639
Reddit;54;homepage;2023;;;word_measures;2000;2000;4.5345;0.5315;2.589825805351138;1.2001181413978337;10.965784284662087;9.053674850253396;10.808083566091655
Reddit;55;homepage;2023;;;word_measures;2000;2000;4.5555;0.5095;2.464069638326764;1.1999568518251178;10.965784284662087;9.05232901270728;10.750225275541734
Reddit;56;homepage;2023;;;word_measures;2000;2000;4.3675;0.43;2.329632770046592;1.2159447477012875;10.965784284662087;8.588819114851995;10.711018992906931
Reddit;57;homepage;2023;;;word_measures;2000;2000;4.6235;0.52;2.5253943719714878;1.199736619219184;10.965784284662087;9.059471566435871;10.83298825179898
Reddit;58;homepage;2023;;;word_measures;2000;2000;4.9975;0.4595;2.3960653194040065;1.214076789394021;10.965784284662087;8.654246761581696;10.757505680324952
Reddit;59;homepage;2023;;;word_measures;2000;2000;4.3375;0.453;2.4054097995907076;1.213180051520467;10.965784284662087;8.667163912288366;10.73341595791291
Reddit;60;homepage;2023;;;word_measures;2000;2000;4.351;0.482;2.435214880183339;1.2040012816339734;10.965784284662087;8.922407474192127;10.787275208276785
Reddit;61;homepage;2023;;;word_measures;2000;2000;4.038;0.363;2.152242907807231;1.2252242565900084;10.965784284662087;8.295456189050284;10.660357254101118
Reddit;62;homepage;2023;;;word_measures;2000;2000;4.2195;0.4005;2.2537917069345714;1.2205339986830948;10.965784284662087;8.449116277317033;10.695544069266857
Reddit;63;homepage;2023;;;word_measures;2000;2000;4.3975;0.4325;2.319233343526721;1.214565480723977;10.965784284662087;8.626619694656668;10.718687944313253
Reddit;64;homepage;2023;;;word_measures;2000;2000;4.317;0.475;2.4320140055567023;1.2075814010947943;10.965784284662087;8.821450345312705;10.808072022298502
Reddit;65;homepage;2023;;;word_measures;2000;2000;4.2315;0.395;2.2313621412962674;1.2213641577214003;10.965784284662087;8.42764511394927;10.674530111138834
Reddit;66;homepage;2023;;;word_measures;2000;2000;4.5075;0.506;2.527810098603368;1.2031358907371759;10.965784284662087;8.958635108207991;10.796615635067294
Reddit;67;homepage;2023;;;word_measures;2000;2000;4.345;0.464;2.3972838326543573;1.2083238153904676;10.965784284662087;8.792744408985932;10.728575163068662
Reddit;68;homepage;2023;;;word_measures;2000;2000;4.1895;0.4325;2.3272108811885124;1.2155826499313116;10.965784284662087;8.58777956257492;10.700808814312934
Reddit;69;homepage;2023;;;word_measures;2000;2000;4.405;0.434;2.2835867404192682;1.2103682009130716;10.965784284662087;8.721774261890094;10.75176543327246
Reddit;70;homepage;2023;;;word_measures;2000;2000;4.321;0.4025;2.2279435793310407;1.2194012207537888;10.965784284662087;8.48004168676721;10.692268656582204
Reddit;71;homepage;2023;;;word_measures;2000;2000;4.418;0.4625;2.3410951805859805;1.206115059182048;10.965784284662087;8.857433159851055;10.772983671867792
Reddit;72;homepage;2023;;;word_measures;2000;2000;4.0555;0.3895;2.2214227383583784;1.220213830843568;10.965784284662087;8.435203845440473;10.711933056811088
Reddit;73;homepage;2023;;;word_measures;2000;2000;4.2905;0.435;2.3394826867431404;1.21319344766438;10.965784284662087;8.64953562616927;10.731820275566497
Reddit;74;homepage;2023;;;word_measures;2000;2000;4.27;0.354;2.1318708559125663;1.2281188953667879;10.965784284662087;8.234980329873775;10.63391350680244
Reddit;75;homepage;2023;;;word_measures;2000;2000;4.338;0.4525;2.385670045688749;1.210283671244979;10.965784284662087;8.733372735877264;10.74315724731894
Reddit;76;homepage;2023;;;word_measures;2000;2000;4.4255;0.493;2.4544541541486975;1.2030395724624396;10.965784284662087;8.957635578586606;10.821254286286802
Reddit;77;homepage;2023;;;word_measures;2000;2000;4.15;0.409;2.272850132957101;1.2182515636831521;10.965784284662087;8.50446951931297;10.674884389788723
Reddit;78;homepage;2023;;;word_measures;2000;2000;4.2905;0.4525;2.352548481747508;1.2094429292529822;10.965784284662087;8.758812993546888;10.761231557082043
Reddit;79;homepage;2023;;;word_measures;2000;2000;4.269;0.476;2.477237779870629;1.2087441863864659;10.965784284662087;8.792506989057639;10.788654788870435
Reddit;80;homepage;2023;;;word_measures;2000;2000;4.5015;0.479;2.4472408664971588;1.2062590677291154;10.965784284662087;8.855505878885754;10.82050740500014
Reddit;81;homepage;2023;;;word_measures;2000;2000;4.455;0.485;2.4019554699212318;1.2015542080253363;10.965784284662087;8.98844777580858;10.759652652027869
Reddit;82;homepage;2023;;;word_measures;2000;2000;4.311;0.423;2.2910852319747215;1.2144041911512613;10.965784284662087;8.614926268237422;10.73159616759823
Reddit;83;homepage;2023;;;word_measures;2000;2000;4.1985;0.414;2.3155818226188423;1.220483629181981;10.965784284662087;8.459701825411614;10.670561894600317
Reddit;84;homepage;2023;;;word_measures;2000;2000;4.1815;0.416;2.275304708406329;1.2170712294429542;10.965784284662087;8.547058086251981;10.641222922330728
Reddit;85;homepage;2023;;;word_measures;2000;2000;4.0675;0.347;2.1015044768899678;1.2299831027537584;10.965784284662087;8.191924970693776;10.563030155252477
Reddit;86;homepage;2023;;;word_measures;2000;2000;4.135;0.392;2.214005427435041;1.2193268721550703;10.965784284662087;8.458141505136911;10.661781175549192
Reddit;87;homepage;2023;;;word_measures;2000;2000;4.244;0.437;2.3033735147863625;1.2102880919724701;10.965784284662087;8.723718994736394;10.755986444584206
Reddit;88;homepage;2023;;;word_measures;2000;2000;4.422;0.4555;2.338523924723267;1.2074159587174653;10.965784284662087;8.813597326039666;10.798581797302829
Reddit;89;homepage;2023;;;word_measures;2000;2000;4.431;0.492;2.450848983898759;1.2029538371413946;10.965784284662087;8.958863439911664;10.821053154611498
Reddit;90;homepage;2023;;;word_measures;2000;2000;4.4755;0.44;2.2964164953678847;1.2111999674886462;10.965784284662087;8.71722707977547;10.711176797327598
